<!--

    Copyright (c) 2002-2014 "Neo Technology,"
    Network Engine for Objects in Lund AB [http://neotechnology.com]

    This file is part of Neo4j.

    Neo4j is free software: you can redistribute it and/or modify
    it under the terms of the GNU Affero General Public License as
    published by the Free Software Foundation, either version 3 of the
    License, or (at your option) any later version.

    This program is distributed in the hope that it will be useful,
    but WITHOUT ANY WARRANTY; without even the implied warranty of
    MERCHANTABILITY or FITNESS FOR A PARTICULAR PURPOSE.  See the
    GNU Affero General Public License for more details.

    You should have received a copy of the GNU Affero General Public License
    along with this program. If not, see <http://www.gnu.org/licenses/>.

-->
<configuration>
  <appender name="FILE" class="ch.qos.logback.core.rolling.RollingFileAppender">
    <file>data/log/http.log</file>
    <rollingPolicy class="ch.qos.logback.core.rolling.TimeBasedRollingPolicy">
      <fileNamePattern>data/log/http.%d{yyyy-MM-dd_HH}.log</fileNamePattern>
      <maxHistory>30</maxHistory>
    </rollingPolicy>

    <encoder>
      <!-- Note the deliberate misspelling of "referer" in accordance with RFC1616 -->
      <pattern>%h %l %user [%t{dd/MMM/yyyy:HH:mm:ss Z}] "%r" %s %b "%i{Referer}" "%i{User-Agent}"</pattern>
    </encoder>
  </appender>

  <appender-ref ref="FILE"/>
</configuration>
